{
    "required_features": [
        "Soil Moisture (%)",
        "Humidity (%)",
        "Temp (\u00b0C)",
        "Water Level (%)",
        "Crop Name",
        "Soil Type",
        "Crop Age (days)"
    ],
    "crop_types": [
        314.6354108244532,
        406.0330546713771,
        406.7195864167646,
        450.97620217620215,
        495.8661422828177,
        541.2876042363041,
        700.3880628493093
    ],
    "soil_types": [
        472.3371196957566,
        472.9723126631043,
        473.05588608697815,
        473.9989424118047,
        474.83010547941774
    ],
    "r2_score": 0.7956386208534241,
    "input_example": {
        "Soil Moisture (%)": 49.0,
        "Humidity (%)": 58.1,
        "Temp (\u00b0C)": 30.9,
        "Water Level (%)": 0.0,
        "Crop Name": 314.6354108244532,
        "Soil Type": 474.83010547941774,
        "Crop Age (days)": 82.0
    }
}